ID;age;CourseID;code;Course;University;Country;Continent
Phys1_01;22;phys;BA1;1;1;A;1
Phys1_02;20;phys;BA1;1;1;A;1
Phys1_03;22;phys;BA1;1;1;A;1
Phys1_04;20;phys;BA1;1;1;A;1
Phys1_05;21;phys;BA1;1;1;A;1
Phys1_06;21;phys;BA1;1;1;A;1
Phys1_07;21;phys;BA1;1;1;A;1
Phys1_08;20;phys;BA1;1;1;A;1
Phys1_09;21;phys;SP;1;1;A;1
Phys1_10;21;phys;BA1;1;1;A;1
Phys1_11;20;phys;BA1;1;1;A;1
Phys1_12;19;phys;BA1;1;1;A;1
Phys1_13;65;phys;SP;1;1;A;1
Phys1_14;65;phys;SP;1;1;A;1
Phys1_15;23;phys;SP;1;1;A;1
Phys1_16;21;phys;BA1;1;1;A;1
Phys1_17;20;phys;BA1;1;1;A;1
Phys1_18;19;phys;BA1;1;1;A;1
Phys1_19;19;phys;BA1;1;1;A;1
Phys1_20;22;phys;BA1;1;1;A;1
Phys1_21;25;phys;BA1;1;1;A;1
Phys1_22;22;phys;BA1;1;1;A;1
Phys1_23;23;phys;BA1;1;1;A;1
Phys1_24;21;phys;BA1;1;1;A;1
Phys1_25;21;phys;BA1;1;1;A;1
Phys1_26;22;phys;BA1;1;1;A;1
Phys1_27;22;phys;BA1;1;1;A;1
Phys1_28;21;phys;BA1;1;1;A;1
Phys1_29;20;phys;BA1;1;1;A;1
Phys1_30;19;phys;BA1;1;1;A;1
Phys1_31;21;phys;BA1;1;1;A;1
Phys1_32;22;phys;BA1;1;1;A;1
Phys1_33;20;phys;BA1;1;1;A;1
Phys1_34;21;phys;BA1;1;1;A;1
Phys1_35;20;phys;BA1;1;1;A;1
Phys1_36;19;phys;BA1;1;1;A;1
Phys1_37;19;phys;BA1;1;1;A;1
Phys1_38;21;phys;BA1;1;1;A;1
Phys1_39;30;phys;BA1;1;1;A;1
Phys1_40;21;phys;SP;1;1;A;1
Phys1_41;20;phys;SP;1;1;A;1
Phys1_42;19;phys;BA1;1;1;A;1
Phys1_43;24;phys;BA1;1;1;A;1
Phys1_44;20;phys;BA1;1;1;A;1
Phys1_45;19;phys;BA1;1;1;A;1
Phys1_46;22;phys;BA1;1;1;A;1
Phys1_47;25;phys;BA1;1;1;A;1
Phys1_48;20;phys;BA1;1;1;A;1
Phys1_49;21;phys;BA1;1;1;A;1
Phys1_50;20;phys;BA1;1;1;A;1
Phys1_51;20;phys;BA1;1;1;A;1
Phys1_52;21;phys;BA1;1;1;A;1
Phys1_53;21;phys;BA1;1;1;A;1
Phys1_54;21;phys;SP;1;1;A;1
Phys1_55;19;phys;BA1;1;1;A;1
Phys1_56;20;phys;BA1;1;1;A;1
Phys1_57;19;phys;SP;1;1;A;1
Phys1_58;21;phys;BA1;1;1;A;1
Phys1_59;20;phys;SP;1;1;A;1
Phys1_60;22;phys;SP;1;1;A;1
Phys1_61;23;phys;BA1;1;1;A;1
Phys1_62;19;phys;BA1;1;1;A;1
Phys1_63;22;phys;BA1;1;1;A;1
Phys1_64;21;phys;BA1;1;1;A;1
Phys1_65;21;phys;BA1;1;1;A;1
Phys1_66;21;phys;SP;1;1;A;1
Phys1_67;23;phys;BA1;1;1;A;1
Phys1_68;20;phys;BA1;1;1;A;1
Phys1_69;20;phys;BA1;1;1;A;1
Phys1_70;20;phys;BA1;1;1;A;1
Phys1_71;20;phys;BA1;1;1;A;1
Phys1_72;21;phys;BA1;1;1;A;1
Phys1_73;20;phys;BA1;1;1;A;1
Phys1_74;20;phys;SP;1;1;A;1
Phys3_01;21;phys;BA2;1;1;A;1
Phys3_02;21;phys;BA2;1;1;A;1
Phys3_03;20;phys;BA2;1;1;A;1
Phys3_04;21;phys;BA2;1;1;A;1
Phys3_05;23;phys;BA2;1;1;A;1
Phys3_06;20;phys;BA2;1;1;A;1
Phys3_07;21;phys;BA2;1;1;A;1
Phys3_08;20;phys;BA2;1;1;A;1
Phys3_09;25;phys;BA2;1;1;A;1
Phys3_10;17;phys;SP;1;1;A;1
Phys3_11;26;phys;BA2;1;1;A;1
Phys3_12;23;phys;BA2;1;1;A;1
Phys3_13;21;phys;BA2;1;1;A;1
Phys3_14;21;phys;BA2;1;1;A;1
Phys3_15;22;phys;BA2;1;1;A;1
Phys3_16;20;phys;BA2;1;1;A;1
Phys3_17;28;phys;BA2;1;1;A;1
Phys3_18;21;phys;BA2;1;1;A;1
Phys3_19;21;phys;BA2;1;1;A;1
Phys3_20;21;phys;BA2;1;1;A;1
Phys3_21;20;phys;BA2;1;1;A;1
Phys3_22;21;phys;BA2;1;1;A;1
Phys3_23;21;phys;BA2;1;1;A;1
Phys3_24;27;phys;BA2;1;1;A;1
Phys3_25;21;phys;BA2;1;1;A;1
Phys3_26;22;phys;SP;1;1;A;1
Phys3_27;24;phys;BA2;1;1;A;1
Phys3_28;20;phys;BA2;1;1;A;1
Phys3_29;21;phys;BA2;1;1;A;1
Phys3_30;20;phys;BA2;1;1;A;1
Phys3_31;20;phys;BA2;1;1;A;1
Phys3_32;21;phys;BA2;1;1;A;1
Phys3_33;21;phys;BA2;1;1;A;1
Phys3_34;22;phys;BA2;1;1;A;1
Phys3_35;22;phys;BA2;1;1;A;1
Phys3_36;22;phys;BA2;1;1;A;1
Phys3_37;21;phys;BA2;1;1;A;1
Phys3_38;21;phys;BA2;1;1;A;1
Phys3_39;26;phys;BA2;1;1;A;1
Phys3_40;26;phys;BA2;1;1;A;1
Phys3_41;21;phys;BA2;1;1;A;1
Phys3_42;21;phys;BA2;1;1;A;1
Phys3_43;22;phys;BA2;1;1;A;1
Phys3_44;20;phys;BA2;1;1;A;1
Phys3_45;21;phys;BA2;1;1;A;1
Phys3_46;20;phys;BA2;1;1;A;1
Phys3_47;22;phys;BA2;1;1;A;1
Phys3_48;22;phys;BA2;1;1;A;1
Phys3_49;21;phys;BA2;1;1;A;1
Phys3_50;24;phys;BA2;1;1;A;1
Phys3_51;21;phys;BA2;1;1;A;1
Col_001;21;col;SP;2;2;A;1
Col_002;22;col;SP;2;2;A;1
Col_003;20;col;SP;2;2;A;1
Col_004;22;col;SP;2;2;A;1
Col_005;22;col;SP;2;2;A;1
Col_006;22;col;SP;2;2;A;1
Col_007;21;col;SP;2;2;A;1
Col_008;20;col;SP;2;2;A;1
Col_009;21;col;SP;2;2;A;1
Col_010;21;col;SP;2;2;A;1
Col_011;20;col;SP;2;2;A;1
Col_012;20;col;SP;2;2;A;1
Col_013;20;col;SP;2;2;A;1
Col_014;21;col;SP;2;2;A;1
Col_015;19;col;SP;2;2;A;1
Col_016;20;col;SP;2;2;A;1
Col_017;19;col;SP;2;2;A;1
Col_018;22;col;SP;2;2;A;1
Col_019;22;col;SP;2;2;A;1
Col_020;23;col;SP;2;2;A;1
Col_021;21;col;SP;2;2;A;1
Col_022;20;col;SP;2;2;A;1
Col_023;19;col;SP;2;2;A;1
Col_024;18;col;SP;2;2;A;1
Col_025;18;col;SP;2;2;A;1
Col_026;19;col;SP;2;2;A;1
Col_027;22;col;SP;2;2;A;1
Col_028;20;col;SP;2;2;A;1
Col_029;21;col;SP;2;2;A;1
Col_030;21;col;SP;2;2;A;1
Col_031;20;col;SP;2;2;A;1
Col_032;22;col;SP;2;2;A;1
Col_033;20;col;SP;2;2;A;1
Col_034;31;col;SP;2;2;A;1
Col_035;NA;col;SP;2;2;A;1
Col_036;21;col;SP;2;2;A;1
Col_037;19;col;SP;2;2;A;1
Col_038;18;col;SP;2;2;A;1
Col_039;26;col;SP;2;2;A;1
Col_040;20;col;SP;2;2;A;1
Col_041;19;col;SP;2;2;A;1
Col_042;20;col;SP;2;2;A;1
Col_043;21;col;SP;2;2;A;1
Col_044;22;col;SP;2;2;A;1
Col_045;18;col;SP;2;2;A;1
Col_046;19;col;SP;2;2;A;1
Col_047;22;col;SP;2;2;A;1
Col_048;18;col;SP;2;2;A;1
Col_049;22;col;SP;2;2;A;1
Col_050;20;col;SP;2;2;A;1
Col_051;19;col;SP;2;2;A;1
Col_052;18;col;SP;2;2;A;1
Col_053;18;col;SP;2;2;A;1
Col_054;22;col;SP;2;2;A;1
Col_055;19;col;SP;2;2;A;1
Col_056;19;col;SP;2;2;A;1
Col_057;20;col;SP;2;2;A;1
Col_058;23;col;SP;2;2;A;1
Col_059;42;col;SP;2;2;A;1
Col_060;20;col;SP;2;2;A;1
Col_061;18;col;SP;2;2;A;1
Col_062;20;col;SP;2;2;A;1
Col_063;21;col;SP;2;2;A;1
Col_064;19;col;SP;2;2;A;1
Col_065;18;col;SP;2;2;A;1
Col_066;19;col;SP;2;2;A;1
Col_067;18;col;SP;2;2;A;1
Col_068;19;col;SP;2;2;A;1
Col_069;20;col;SP;2;2;A;1
Col_070;18;col;SP;2;2;A;1
Col_071;21;col;SP;2;2;A;1
Col_072;19;col;SP;2;2;A;1
Col_073;20;col;SP;2;2;A;1
Col_074;19;col;SP;2;2;A;1
Col_075;20;col;SP;2;2;A;1
Col_076;20;col;SP;2;2;A;1
Col_077;19;col;SP;2;2;A;1
Col_078;20;col;SP;2;2;A;1
Col_079;25;col;SP;2;2;A;1
Col_080;20;col;SP;2;2;A;1
Col_081;19;col;SP;2;2;A;1
Col_082;20;col;SP;2;2;A;1
Col_083;19;col;SP;2;2;A;1
Col_084;19;col;SP;2;2;A;1
Col_085;24;col;SP;2;2;A;1
Col_086;22;col;SP;2;2;A;1
Col_087;19;col;SP;2;2;A;1
Col_088;20;col;SP;2;2;A;1
Col_089;20;col;SP;2;2;A;1
Col_090;19;col;SP;2;2;A;1
Col_091;19;col;SP;2;2;A;1
Col_092;NA;col;SP;2;2;A;1
Col_093;25;col;SP;2;2;A;1
Col_094;21;col;SP;2;2;A;1
Col_095;37;col;SP;2;2;A;1
Col_096;22;col;SP;2;2;A;1
Col_097;20;col;SP;2;2;A;1
Col_098;19;col;SP;2;2;A;1
Col_099;19;col;SP;2;2;A;1
Col_100;19;col;SP;2;2;A;1
Col_101;18;col;SP;2;2;A;1
Col_102;19;col;SP;2;2;A;1
Col_103;NA;col;SP;2;2;A;1
Col_104;24;col;SP;2;2;A;1
Col_105;18;col;SP;2;2;A;1
Col_106;21;col;SP;2;2;A;1
Col_107;20;col;SP;2;2;A;1
Col108;20;col;SP;2;2;A;1
Col109;19;col;SP;2;2;A;1
Col110;20;col;SP;2;2;A;1
Col111;20;col;SP;2;2;A;1
Col112;19;col;SP;2;2;A;1
Col113;22;col;SP;2;2;A;1
Col114;20;col;SP;2;2;A;1
Col115;22;col;SP;2;2;A;1
Col116;21;col;SP;2;2;A;1
Col117;20;col;SP;2;2;A;1
SYDF_001;18;sydf;SP;3;3;B;2
SYDF_002;20;sydf;SP;3;3;B;2
SYDF_003;19;sydf;SP;3;3;B;2
SYDF_004;20;sydf;SP;3;3;B;2
SYDF_005;18;sydf;SP;3;3;B;2
SYDF_006;18;sydf;SP;3;3;B;2
SYDF_007;18;sydf;SP;3;3;B;2
SYDF_008;21;sydf;SP;3;3;B;2
SYDF_009;17;sydf;SP;3;3;B;2
SYDF_010;17;sydf;SP;3;3;B;2
SYDF_011;NA;sydf;SP;3;3;B;2
SYDF_012;19;sydf;SP;3;3;B;2
SYDF_013;20;sydf;SP;3;3;B;2
SYDF_014;18;sydf;SP;3;3;B;2
SYDF_015;21;sydf;SP;3;3;B;2
SYDF_016;18;sydf;SP;3;3;B;2
SYDF_017;18;sydf;SP;3;3;B;2
SYDF_018;18;sydf;SP;3;3;B;2
SYDF_019;23;sydf;SP;3;3;B;2
SYDF_020;18;sydf;SP;3;3;B;2
SYDF_021;18;sydf;SP;3;3;B;2
SYDF_022;22;sydf;SP;3;3;B;2
SYDF_023;20;sydf;SP;3;3;B;2
SYDF_024;19;sydf;SP;3;3;B;2
SYDF_025;18;sydf;SP;3;3;B;2
SYDF_026;18;sydf;SP;3;3;B;2
SYDF_027;18;sydf;SP;3;3;B;2
SYDF_028;18;sydf;SP;3;3;B;2
SYDF_029;17;sydf;SP;3;3;B;2
SYDF_030;18;sydf;SP;3;3;B;2
SYDF_031;43;sydf;BA1;3;3;B;2
SYDF_032;18;sydf;SP;3;3;B;2
SYDF_033;26;sydf;SP;3;3;B;2
SYDF_034;18;sydf;SP;3;3;B;2
SYDF_035;19;sydf;SP;3;3;B;2
SYDF_036;18;sydf;SP;3;3;B;2
SYDF_037;NA;sydf;SP;3;3;B;2
SYDF_038;18;sydf;SP;3;3;B;2
SYDF_039;18;sydf;SP;3;3;B;2
SYDF_040;21;sydf;SP;3;3;B;2
SYDF_041;18;sydf;SP;3;3;B;2
SYDF_042;20;sydf;SP;3;3;B;2
SYDF_043;18;sydf;SP;3;3;B;2
SYDF_044;19;sydf;SP;3;3;B;2
SYDF_045;23;sydf;SP;3;3;B;2
SYDF_046;21;sydf;SP;3;3;B;2
SYDF_047;22;sydf;SP;3;3;B;2
SYDF_048;19;sydf;SP;3;3;B;2
SYDF_049;21;sydf;SP;3;3;B;2
SYDF_050;20;sydf;SP;3;3;B;2
SYDF_051;21;sydf;SP;3;3;B;2
SYDF_052;20;sydf;SP;3;3;B;2
SYDF_053;39;sydf;SP;3;3;B;2
SYDF_054;18;sydf;SP;3;3;B;2
SYDF_055;18;sydf;SP;3;3;B;2
SYDF_056;18;sydf;SP;3;3;B;2
SYDF_057;19;sydf;SP;3;3;B;2
SYDF_058;18;sydf;SP;3;3;B;2
SYDF_059;18;sydf;SP;3;3;B;2
SYDF_060;35;sydf;SP;3;3;B;2
SYDF_061;18;sydf;SP;3;3;B;2
SYDF_062;26;sydf;SP;3;3;B;2
SYDF_063;28;sydf;SP;3;3;B;2
SYDF_064;18;sydf;SP;3;3;B;2
SYDF_065;44;sydf;SP;3;3;B;2
SYDF_066;18;sydf;SP;3;3;B;2
SYDF_067;18;sydf;SP;3;3;B;2
SYDF_068;22;sydf;SP;3;3;B;2
SYDF_069;21;sydf;SP;3;3;B;2
SYDF_070;18;sydf;SP;3;3;B;2
SYDF_071;20;sydf;SP;3;3;B;2
SYDF_072;18;sydf;SP;3;3;B;2
SYDF_073;21;sydf;SP;3;3;B;2
SYDF_074;21;sydf;SP;3;3;B;2
SYDF_075;17;sydf;SP;3;3;B;2
SYDF_076;17;sydf;SP;3;3;B;2
SYDF_077;20;sydf;SP;3;3;B;2
SYDF_078;18;sydf;SP;3;3;B;2
SYDF_079;22;sydf;SP;3;3;B;2
SYDF_080;19;sydf;SP;3;3;B;2
SYDF_081;21;sydf;SP;3;3;B;2
SYDF_082;NA;sydf;SP;3;3;B;2
SYDF_083;18;sydf;SP;3;3;B;2
SYDF_084;19;sydf;SP;3;3;B;2
SYDF_085;18;sydf;SP;3;3;B;2
SYDF_086;20;sydf;SP;3;3;B;2
SYDF_087;20;sydf;SP;3;3;B;2
SYDF_088;27;sydf;SP;3;3;B;2
SYDF_089;18;sydf;SP;3;3;B;2
SYDF_090;18;sydf;SP;3;3;B;2
SYDF_091;23;sydf;SP;3;3;B;2
SYDF_092;17;sydf;SP;3;3;B;2
SYDF_093;18;sydf;SP;3;3;B;2
SYDF_094;19;sydf;SP;3;3;B;2
SYDF_095;17;sydf;SP;3;3;B;2
SYDF_096;19;sydf;SP;3;3;B;2
SYDF_097;19;sydf;SP;3;3;B;2
SYDF_098;19;sydf;SP;3;3;B;2
SYDF_099;18;sydf;SP;3;3;B;2
SYDF_100;18;sydf;SP;3;3;B;2
SYDF_101;20;sydf;SP;3;3;B;2
SYDF_102;NA;sydf;SP;3;3;B;2
SYDF_103;NA;sydf;SP;3;3;B;2
SYDF_104;19;sydf;SP;3;3;B;2
SYDF_105;17;sydf;SP;3;3;B;2
SYDF_106;18;sydf;SP;3;3;B;2
SYDF_107;18;sydf;SP;3;3;B;2
SYDF_108;17;sydf;SP;3;3;B;2
SYDF_109;17;sydf;SP;3;3;B;2
SYDF_110;21;sydf;SP;3;3;B;2
SYDF_111;18;sydf;SP;3;3;B;2
SYD3__01;21;syd;BA3;4;3;B;2
SYD3__02;22;syd;BA;4;3;B;2
SYD3__03;20;syd;BA1;4;3;B;2
SYD3__04;20;syd;BA1;4;3;B;2
SYD3__05;20;syd;BA1;4;3;B;2
SYD3__06;20;syd;BA2;4;3;B;2
SYD3__07;21;syd;BA1;4;3;B;2
SYD3__08;19;syd;BA1;4;3;B;2
SYD3__09;20;syd;BA1;4;3;B;2
SYD3__10;20;syd;NI;4;3;B;2
SYD3__11;20;syd;BA1;4;3;B;2
SYD3__12;18;syd;BA1;4;3;B;2
SYD3__13;23;syd;BA3;4;3;B;2
SYD3__14;20;syd;BA1;4;3;B;2
SYD3__15;20;syd;BA1;4;3;B;2
SYD3__16;21;syd;NI;4;3;B;2
SYD3__17;33;syd;NI;4;3;B;2
SYD3__18;20;syd;BA1;4;3;B;2
SYD3__19;20;syd;BA3;4;3;B;2
SYD3__20;23;syd;BA1;4;3;B;2
SYD3__21;25;syd;BA1;4;3;B;2
SYD3__22;20;syd;BA1;4;3;B;2
SYD3__23;20;syd;BA3;4;3;B;2
SYD3__24;20;syd;BA1;4;3;B;2
SYD4_01;21;syd;BA;5;3;B;2
SYD4_02;22;syd;BA1;5;3;B;2
SYD4_03;23;syd;BA1;5;3;B;2
SYD4_04;21;syd;BA4;5;3;B;2
SYD4_05;21;syd;BA4;5;3;B;2
SYD4_06;21;syd;BA1;5;3;B;2
SYD4_07;20;syd;BA1;5;3;B;2
SYD4_08;24;syd;BA1;5;3;B;2
SYD4_09;21;syd;BA1;5;3;B;2
SYD4_10;23;syd;BA;5;3;B;2
SYD4_11;28;syd;BA1;5;3;B;2
SYD4_12;21;syd;BA;5;3;B;2
SYD4_13;25;syd;BA4;5;3;B;2
SYD4_14;21;syd;BA4;5;3;B;2
SYD4_15;21;syd;BA3;5;3;B;2
SYD4_16;29;syd;BA1;5;3;B;2
SYD4_17;21;syd;BA4;5;3;B;2
SYD4_18;22;syd;BA1;5;3;B;2
SYD4_19;21;syd;BA4;5;3;B;2
SYD4_20;21;syd;BA4;5;3;B;2
SYD4_21;22;syd;BA4;5;3;B;2
SYD4_22;21;syd;BA1;5;3;B;2
SYD4_23;22;syd;BA1;5;3;B;2
SYD4_24;21;syd;BA4;5;3;B;2
SYD4_25;24;syd;BA1;5;3;B;2
SYD4_26;21;syd;BA1;5;3;B;2
SYD1__01;21;syd;BA1;6;3;B;2
SYD1__02;18;syd;BA1;6;3;B;2
SYD1__03;NA;syd;BA1;6;3;B;2
SYD1__04;19;syd;BA1;6;3;B;2
SYD1__05;18;syd;BA1;6;3;B;2
SYD1__06;18;syd;BA1;6;3;B;2
SYD1__07;17;syd;BA1;6;3;B;2
SYD1__08;18;syd;BA1;6;3;B;2
SYD1__09;19;syd;BA1;6;3;B;2
SYD1__10;18;syd;BA1;6;3;B;2
SYD1__11;18;syd;BA1;6;3;B;2
SYD1__12;18;syd;BA1;6;3;B;2
SYD1__13;19;syd;BA1;6;3;B;2
SYD1__14;18;syd;SP;6;3;B;2
SYD1__15;18;syd;BA1;6;3;B;2
SYD1__16;18;syd;BA1;6;3;B;2
SYD1__17;18;syd;BA1;6;3;B;2
SYD1__18;24;syd;SP;6;3;B;2
SYD1__19;18;syd;BA1;6;3;B;2
SYD1__20;18;syd;BA1;6;3;B;2
SYD1__21;18;syd;BA1;6;3;B;2
SYD1__22;17;syd;BA1;6;3;B;2
SYD1__23;18;syd;BA1;6;3;B;2
SYD1__24;18;syd;BA1;6;3;B;2
SYD1__25;17;syd;BA1;6;3;B;2
SYD1__26;18;syd;BA1;6;3;B;2
SYD1__27;18;syd;BA1;6;3;B;2
SYD1__28;18;syd;BA1;6;3;B;2
SYD1__29;18;syd;BA1;6;3;B;2
SYD1__30;17;syd;BA1;6;3;B;2
SYD1__31;38;syd;SP;6;3;B;2
SYD1__32;18;syd;BA1;6;3;B;2
SYD1__33;18;syd;SP;6;3;B;2
SYD1__34;18;syd;BA1;6;3;B;2
SYD1__35;18;syd;BA1;6;3;B;2
SYD1__36;18;syd;BA1;6;3;B;2
SYD1__37;20;syd;BA1;6;3;B;2
SYD1__38;21;syd;BA1;6;3;B;2
SYD1__39;19;syd;BA1;6;3;B;2
SYD1__40;18;syd;BA1;6;3;B;2
SYD1__41;18;syd;SP;6;3;B;2
SYD1__42;18;syd;BA1;6;3;B;2
SYD1__43;18;syd;BA1;6;3;B;2
SYD1__44;18;syd;BA1;6;3;B;2
SYD1__45;19;syd;BA1;6;3;B;2
SYD1__46;17;syd;BA1;6;3;B;2
SYD1__47;18;syd;BA1;6;3;B;2
SYD1__48;18;syd;BA1;6;3;B;2
SYD1__49;18;syd;BA1;6;3;B;2
SYD1__50;17;syd;BA1;6;3;B;2
SYD1__51;18;syd;BA1;6;3;B;2
GBR_01;19;gbr;BA2;7;4;A;1
GBR_02;28;gbr;SP;7;4;A;1
GBR_03;24;gbr;BA3;7;4;A;1
GBR_04;28;gbr;BA3;7;4;A;1
GBR_05;24;gbr;BA2;7;4;A;1
GBR_06;19;gbr;BA2;7;4;A;1
GBR_07;24;gbr;BA2;7;4;A;1
GBR_08;28;gbr;PhD;7;4;A;1
GBR_09;29;gbr;PhD;7;4;A;1
GBR_10;21;gbr;BA3;7;4;A;1
GBR_11;23;gbr;BA4;7;4;A;1
GBR_12;NA;gbr;BA4;7;4;A;1
GBR_13;21;gbr;BA4;7;4;A;1
MLA_01;18;mla;SP;8;5;C;3
MLA_02;18;mla;SP;8;5;C;3
MLA_03;17;mla;SP;8;5;C;3
MLA_04;18;mla;SP;8;5;C;3
MLA_05;18;mla;BA2;8;5;C;3
MLA_06;20;mla;SP;8;5;C;3
MLA_07;19;mla;SP;8;5;C;3
MLA_08;18;mla;SP;8;5;C;3
MLA_09;19;mla;SP;8;5;C;3
MLA_10;18;mla;BA2;8;5;C;3
MLA_11;NA;mla;SP;8;5;C;3
MLA_12;20;mla;SP;8;5;C;3
MLA_13;20;mla;SP;8;5;C;3
MLA_14;18;mla;SP;8;5;C;3
MLA_15;18;mla;SP;8;5;C;3
MLA_16;20;mla;SP;8;5;C;3
MLA_17;19;mla;SP;8;5;C;3
MLA_18;20;mla;SP;8;5;C;3
MLA_19;20;mla;SP;8;5;C;3
MLA_20;19;mla;SP;8;5;C;3
MLA_21;17;mla;SP;8;5;C;3
MLA_22;20;mla;SP;8;5;C;3
MLA_23;18;mla;BA2;8;5;C;3
MLA_24;19;mla;BA2;8;5;C;3
MLA_25;19;mla;BA3;8;5;C;3
MLA_26;20;mla;BA3;8;5;C;3
MLA_27;21;mla;BA4;8;5;C;3
MLA_28;19;mla;BA3;8;5;C;3
MLA_29;17;mla;BA2;8;5;C;3
MLA_30;20;mla;BA3;8;5;C;3
MLA_31;21;mla;BA3;8;5;C;3
MLA_32;21;mla;BA3;8;5;C;3
MLA_33;20;mla;BA2;8;5;C;3
MLA_34;20;mla;BA3;8;5;C;3
MLA_35;20;mla;BA3;8;5;C;3
MLA_36;32;mla;MP;8;5;C;3
MLA_37;23;mla;MP;8;5;C;3
MLA_38;23;mla;MP;8;5;C;3
MLA_39;19;mla;BA3;8;5;C;3
MLA_40;19;mla;BA3;8;5;C;3
MLA_41;19;mla;BA3;8;5;C;3
MLA_42;21;mla;BA3;8;5;C;3
MLA_43;19;mla;BA3;8;5;C;3
MLA_44;19;mla;BA3;8;5;C;3
MLA_45;22;mla;BA3;8;5;C;3
MLA_46;19;mla;BA3;8;5;C;3
MLA_47;18;mla;BA3;8;5;C;3
MLA_48;18;mla;BA3;8;5;C;3
MLA_49;18;mla;BA3;8;5;C;3
MLA_50;19;mla;BA3;8;5;C;3
MLA_51;19;mla;BA3;8;5;C;3
MLA_52;18;mla;BA3;8;5;C;3
MLA_53;19;mla;BA3;8;5;C;3
MLA_54;18;mla;BA3;8;5;C;3
MLA_55;18;mla;BA3;8;5;C;3
MLA_56;19;mla;BA3;8;5;C;3
MLA_57;19;mla;BA3;8;5;C;3
MLA_58;18;mla;BA3;8;5;C;3
MLA_59;18;mla;BA3;8;5;C;3
MLA_60;19;mla;BA3;8;5;C;3
MLA_61;19;mla;BA3;8;5;C;3
MLA_62;19;mla;BA3;8;5;C;3
MLA_63;19;mla;BA3;8;5;C;3
MLA_64;18;mla;BA3;8;5;C;3
LIN_01;26;lin;SP;10;7;E;4
LIN_02;20;lin;SP;10;7;E;4
LIN_03;21;lin;SP;10;7;E;4
LIN_04;21;lin;SP;10;7;E;4
LIN_05;21;lin;SP;10;7;E;4
LIN_06;19;lin;SP;10;7;E;4
LIN_07;21;lin;SP;10;7;E;4
LIN_08;23;lin;SP;10;7;E;4
LIN_09;25;lin;SP;10;7;E;4
LIN_10;25;lin;SP;10;7;E;4
LIN_11;23;lin;SP;10;7;E;4
LIN_12;24;lin;SP;10;7;E;4
LIN_13;21;lin;SP;10;7;E;4
LIN_14;22;lin;SP;10;7;E;4
LIN_15;20;lin;SP;10;7;E;4
LIN_16;22;lin;SP;10;7;E;4
LIN_17;22;lin;SP;10;7;E;4
LIN_18;23;lin;SP;10;7;E;4
LIN_19;20;lin;SP;10;7;E;4
LIN_20;20;lin;SP;10;7;E;4
LIN_21;22;lin;SP;10;7;E;4
LIN_22;20;lin;SP;10;7;E;4
LIN_23;23;lin;SP;10;7;E;4
LIN_24;24;lin;SP;10;7;E;4
LIN_25;21;lin;SP;10;7;E;4
LIN_26;23;lin;SP;10;7;E;4
LIN_27;19;lin;SP;10;7;E;4
LIN_28;19;lin;SP;10;7;E;4
LIN_29;21;lin;SP;10;7;E;4
LIN_30;18;lin;SP;10;7;E;4
LIN_31;26;lin;SP;10;7;E;4
LIN_32;22;lin;SP;10;7;E;4
LIN_33;21;lin;SP;10;7;E;4
LIN_34;22;lin;SP;10;7;E;4
LIN_35;26;lin;SP;10;7;E;4
LIN_36;22;lin;SP;10;7;E;4
LIN_37;24;lin;SP;10;7;E;4
LIN_38;23;lin;SP;10;7;E;4
LIN_39;25;lin;SP;10;7;E;4
LIN_40;20;lin;SP;10;7;E;4
LIN_A_1;26;lin;BA2;11;7;E;4
LIN_A_2;32;lin;BA2;11;7;E;4
LIN_A_3;30;lin;BA2;11;7;E;4
LIN_A_4;21;lin;BA2;11;7;E;4
LIN_A_5;21;lin;BA2;11;7;E;4
LIN_A_6;23;lin;SP;11;7;E;4
LIN_A_7;22;lin;SP;11;7;E;4
LIN_A_8;24;lin;SP;11;7;E;4
LIN_A_9;28;lin;SP;11;7;E;4
LIN_A_10;22;lin;SP;11;7;E;4
LIN_A_11;24;lin;BA2;11;7;E;4
LIN_A_12;22;lin;BA2;11;7;E;4
LIN_A_13;21;lin;SP;11;7;E;4
LIN_A_14;20;lin;BA2;11;7;E;4
LIN_A_15;20;lin;BA2;11;7;E;4
LIN_A_16;23;lin;BA2;11;7;E;4
LIN_A_17;21;lin;SP;11;7;E;4
LIN_A_18;21;lin;SP;11;7;E;4
LIN_A_19;25;lin;BA2;11;7;E;4
LIN_A_20;21;lin;SP;11;7;E;4
LIN_A_21;20;lin;BA2;11;7;E;4
LIN_A_22;21;lin;BA2;11;7;E;4
LIN_A_23;19;lin;BA2;11;7;E;4
LIN_A_24;21;lin;BA2;11;7;E;4
LIN_A_25;29;lin;BA2;11;7;E;4
LIN_A_26;20;lin;SP;11;7;E;4
LIN_A_27;20;lin;BA2;11;7;E;4
LIN_B_non_1;24;lin;MP;12;7;E;4
LIN_B_non_2;24;lin;MP;12;7;E;4
LIN_B_non_3;23;lin;MP;12;7;E;4
LIN_B_1;26;lin;MP;12;7;E;4
LIN_B_2;26;lin;MP;12;7;E;4
LIN_B_3;22;lin;MP;12;7;E;4
LIN_D_01;22;lin;BA1;14;7;E;4
LIN_D_02;19;lin;BA1 ;14;7;E;4
LIN_D_03;19;lin;BA1;14;7;E;4
LIN_D_04;22;lin;BA1;14;7;E;4
LIN_D_05;22;lin;BA1;14;7;E;4
LIN_D_06;21;lin;BA1;14;7;E;4
LIN_D_07;20;lin;BA1;14;7;E;4
LIN_D_08;23;lin;BA1;14;7;E;4
LIN_D_09;20;lin;BA1;14;7;E;4
LIN_D_10;21;lin;BA1;14;7;E;4
LIN_D_11;22;lin;BA1;14;7;E;4
LIN_D_12;20;lin;BA1;14;7;E;4
LIN_D_13;20;lin;BA1;14;7;E;4
LIN_D_14;19;lin;BA1;14;7;E;4
LIN_D_15;23;lin;BA1;14;7;E;4
LIN_D_16;20;lin;SP;14;7;E;4
LIN_D_17;19;lin;BA1;14;7;E;4
LIN_D_18;20;lin;BA1;14;7;E;4
LIN_D_19;19;lin;BA1;14;7;E;4
LIN_D_20;20;lin;BA1;14;7;E;4
LIN_D_21;19;lin;BA1;14;7;E;4
LIN_D_22;19;lin;BA1;14;7;E;4
LIN_D_23;19;lin;BA1;14;7;E;4
LIN_D_24;19;lin;BA1;14;7;E;4
LIN_D_25;19;lin;BA1;14;7;E;4
LIN_C_01;20;lin;BA2;13;7;E;4
LIN_C_02;20;lin;BA2;13;7;E;4
LIN_C_03;31;lin;SP;13;7;E;4
LIN_C_04;20;lin;SP;13;7;E;4
LIN_C_05;20;lin;BA2;13;7;E;4
LIN_C_06;20;lin;SP;13;7;E;4
LIN_C_07;20;lin;BA2;13;7;E;4
LIN_C_08;25;lin;BA2;13;7;E;4
LIN_C_09;20;lin;BA2;13;7;E;4
LIN_C_10;22;lin;BA2;13;7;E;4
LIN_E_01;22;lin;SP;15;7;E;4
LIN_E_02;27;lin;SP;15;7;E;4
LIN_E_03;21;lin;SP;15;7;E;4
LIN_E_04;25;lin;SP;15;7;E;4
LIN_E_05;22;lin;SP;15;7;E;4
LIN_E_06;23;lin;SP;15;7;E;4
LIN_E_07;19;lin;SP;15;7;E;4
LIN_E_08;21;lin;SP;15;7;E;4
LIN_E_9;20;lin;SP;15;7;E;4
LIN_E_10;19;lin;SP;15;7;E;4
LIN_E_11;20;lin;SP;15;7;E;4
LIN_E_12;19;lin;SP;15;7;E;4
LIN_E_13;23;lin;SP;15;7;E;4
RUT_001;22;rut;BA1;16;8;A;1
RUT_002;21;rut;BA3;16;8;A;1
RUT_003;22;rut;BA1;16;8;A;1
RUT_004;22;rut;BA1;16;8;A;1
RUT_005;22;rut;BA1;16;8;A;1
RUT_006;21;rut;BA4;16;8;A;1
RUT_007;22;rut;BA1;16;8;A;1
RUT_008;22;rut;BA1;16;8;A;1
RUT_009;20;rut;BA3;16;8;A;1
RUT_010;22;rut;BA1;16;8;A;1
RUT_011;22;rut;BA4;16;8;A;1
RUT_012;19;rut;BA2;16;8;A;1
RUT_013;21;rut;BA3;16;8;A;1
RUT_014;22;rut;BA1;16;8;A;1
RUT_015;21;rut;BA4;16;8;A;1
RUT_016;26;rut;BA4;16;8;A;1
RUT_017;22;rut;BA1;16;8;A;1
RUT_018;22;rut;BA4;16;8;A;1
RUT_019;22;rut;BA4;16;8;A;1
RUT_020;21;rut;BA3;16;8;A;1
RUT_021;20;rut;BA3;16;8;A;1
RUT_022;22;rut;BA4;16;8;A;1
RUT_023;22;rut;BA4;16;8;A;1
RUT_024;21;rut;BA4;16;8;A;1
RUT_025;19;rut;BA2;16;8;A;1
RUT_026;22;rut;BA4;16;8;A;1
RUT_027;23;rut;BA5;16;8;A;1
RUT_028;22;rut;BA1;16;8;A;1
RUT_029;22;rut;BA1;16;8;A;1
RUT_030;22;rut;BA1;16;8;A;1
RUT_031;22;rut;BA1;16;8;A;1
RUT_032;21;rut;BA3;16;8;A;1
RUT_033;20;rut;BA3;16;8;A;1
RUT_034;20;rut;BA3;16;8;A;1
RUT_035;20;rut;BA3;16;8;A;1
RUT_036;22;rut;BA3;16;8;A;1
RUT_037;19;rut;BA2;16;8;A;1
RUT_038;20;rut;BA2;16;8;A;1
RUT_039;19;rut;BA2;16;8;A;1
RUT_040;22;rut;BA1;16;8;A;1
RUT_041;22;rut;BA4;16;8;A;1
RUT_042;21;rut;BA4;16;8;A;1
RUT_043;22;rut;BA1;16;8;A;1
RUT_044;22;rut;BA3;16;8;A;1
RUT_045;22;rut;BA3;16;8;A;1
RUT_046;19;rut;BA2;16;8;A;1
RUT_047;21;rut;BA1;16;8;A;1
RUT_048;22;rut;BA1;16;8;A;1
RUT_049;21;rut;BA1;16;8;A;1
RUT_050;22;rut;BA3;16;8;A;1
RUT_051;26;rut;BA3;16;8;A;1
RUT_052;20;rut;BA3;16;8;A;1
RUT_053;21;rut;BA4;16;8;A;1
RUT_054;22;rut;BA1;16;8;A;1
RUT_055;22;rut;BA1;16;8;A;1
RUT_056;22;rut;BA1;16;8;A;1
RUT_057;22;rut;BA1;16;8;A;1
RUT_058;20;rut;BA3;16;8;A;1
RUT_059;20;rut;BA3;16;8;A;1
RUT_060;20;rut;BA1;16;8;A;1
RUT_061;20;rut;BA2;16;8;A;1
RUT_062;20;rut;BA3;16;8;A;1
RUT_063;21;rut;BA3;16;8;A;1
RUT_064;22;rut;BA4;16;8;A;1
RUT_065;21;rut;BA1;16;8;A;1
RUT_066;19;rut;BA2;16;8;A;1
RUT_067;22;rut;BA1;16;8;A;1
RUT_068;21;rut;BA3;16;8;A;1
RUT_069;22;rut;BA3;16;8;A;1
RUT_070;22;rut;BA4;16;8;A;1
RUT_071;22;rut;BA3;16;8;A;1
RUT_072;21;rut;BA4;16;8;A;1
RUT_073;22;rut;BA4;16;8;A;1
RUT_074;22;rut;BA4;16;8;A;1
RUT_075;20;rut;BA1;16;8;A;1
RUT_076;20;rut;BA4;16;8;A;1
RUT_077;22;rut;BA4;16;8;A;1
RUT_078;19;rut;BA2;16;8;A;1
RUT_079;21;rut;BA1;16;8;A;1
RUT_080;19;rut;BA2;16;8;A;1
RUT_081;20;rut;BA1;16;8;A;1
RUT_082;21;rut;BA3;16;8;A;1
RUT_083;20;rut;BA3;16;8;A;1
RUT_084;21;rut;BA1;16;8;A;1
RUT_085;20;rut;BA3;16;8;A;1
RUT_086;22;rut;BA1;16;8;A;1
RUT_087;40;rut;BA4;16;8;A;1
RUT_088;20;rut;BA3;16;8;A;1
RUT_089;22;rut;BA1;16;8;A;1
RUT_090;20;rut;BA1;16;8;A;1
RUT_091;21;rut;BA3;16;8;A;1
RUT_092;21;rut;BA3;16;8;A;1
RUT_093;20;rut;BA3;16;8;A;1
RUT_094;20;rut;BA3;16;8;A;1
RUT_095;22;rut;BA3;16;8;A;1
RUT_096;22;rut;BA1;16;8;A;1
RUT_097;22;rut;BA1;16;8;A;1
RUT_098;22;rut;BA1;16;8;A;1
RUT_099;20;rut;BA3;16;8;A;1
RUT_100;21;rut;BA4;16;8;A;1
RUT_101;20;rut;BA2;16;8;A;1
RUT_102;21;rut;BA3;16;8;A;1
RUT_103;20;rut;BA3;16;8;A;1
RUT_104;22;rut;BA3;16;8;A;1
RUT_105;22;rut;BA3;16;8;A;1
RUT_106;22;rut;BA1;16;8;A;1
RUT_107;20;rut;BA2;16;8;A;1
RUT_108;19;rut;BA2;16;8;A;1
RUT_109;23;rut;BA4;16;8;A;1
RUT_110;22;rut;BA4;16;8;A;1
RUT_111;21;rut;BA4;16;8;A;1
RUT_112;22;rut;BA3;16;8;A;1
RUT_113;22;rut;BA1;16;8;A;1
RUT_114;19;rut;BA2;16;8;A;1
RUT_115;20;rut;BA3;16;8;A;1
RUT_116;21;rut;BA3;16;8;A;1
RUT_117;21;rut;BA3;16;8;A;1
RUT_118;21;rut;BA3;16;8;A;1
RUT_119;22;rut;BA3;16;8;A;1
RUT_120;22;rut;BA3;16;8;A;1
RUT_121;22;rut;BA3;16;8;A;1
RUT_122;40;rut;BA4;16;8;A;1
RUT_123;21;rut;BA3;16;8;A;1
RUT_124;23;rut;BA1;16;8;A;1
RUT_125;20;rut;BA2;16;8;A;1
RUT_126;22;rut;BA1;16;8;A;1
RUT_127;22;rut;BA1;16;8;A;1
RUT_128;20;rut;BA3;16;8;A;1
RUT_129;20;rut;BA2;16;8;A;1
RUT_130;22;rut;BA4;16;8;A;1
RUT_131;21;rut;BA1;16;8;A;1
RUT_132;21;rut;BA1;16;8;A;1
RUT_133;21;rut;BA4;16;8;A;1
RUT_134;20;rut;BA3;16;8;A;1
RUT_135;20;rut;BA3;16;8;A;1
RUT_136;21;rut;BA3;16;8;A;1
RUT_137;20;rut;BA3;16;8;A;1
RUT_138;23;rut;BA3;16;8;A;1
RUT_139;20;rut;BA3;16;8;A;1
RUT_140;22;rut;BA3;16;8;A;1
RUT_141;21;rut;BA3;16;8;A;1
RUT_142;22;rut;BA4;16;8;A;1
RUT_143;21;rut;BA3;16;8;A;1
RUT_144;21;rut;BA3;16;8;A;1
RUT_145;22;rut;BA3;16;8;A;1
RUT_146;22;rut;BA1;16;8;A;1
RUT_147;22;rut;BA1;16;8;A;1
RUT_148;22;rut;BA1;16;8;A;1
RUT_149;22;rut;BA1;16;8;A;1
RUT_150;22;rut;BA1;16;8;A;1
RUT_151;22;rut;BA1;16;8;A;1
RUT_152;21;rut;BA4;16;8;A;1
RUT_153;19;rut;BA2;16;8;A;1
RUT_154;20;rut;BA3;16;8;A;1
RUT_155;22;rut;BA1;16;8;A;1
RUT_156;19;rut;BA2;16;8;A;1
RUT_157;20;rut;BA4;16;8;A;1
RUT_158;22;rut;BA1;16;8;A;1
RUT_159;22;rut;BA4;16;8;A;1
RUT_160;22;rut;BA4;16;8;A;1
RUT_161;21;rut;BA3;16;8;A;1
RUT_162;21;rut;BA3;16;8;A;1
RUT_163;20;rut;BA3;16;8;A;1
RUT_164;22;rut;BA1;16;8;A;1
RUT_165;22;rut;BA1;16;8;A;1
RUT_166;22;rut;BA1;16;8;A;1
RUT_167;22;rut;BA1;16;8;A;1
RUT_168;22;rut;BA1;16;8;A;1
RUT_169;22;rut;BA1;16;8;A;1
RUT_170;22;rut;BA1;16;8;A;1
RUT_171;20;rut;BA3;16;8;A;1
RUT_172;20;rut;BA3;16;8;A;1
RUT_173;22;rut;BA1;16;8;A;1
RUT_174;22;rut;BA1;16;8;A;1
RUT_175;21;rut;BA4;16;8;A;1
RUT_176;22;rut;BA1;16;8;A;1
RUT_177;22;rut;BA1;16;8;A;1
RUT_178;22;rut;BA1;16;8;A;1
RUT_179;22;rut;BA1;16;8;A;1
RUT_180;22;rut;BA1;16;8;A;1
RUT_181;20;rut;BA2;16;8;A;1
RUT_182;22;rut;BA1;16;8;A;1
RUT_183;21;rut;BA3;16;8;A;1
RUT_184;20;rut;BA3;16;8;A;1
RUT_185;22;rut;BA1;16;8;A;1
RUT_186;20;rut;BA3;16;8;A;1
RUT_187;19;rut;BA2;16;8;A;1
RUT_188;20;rut;BA3;16;8;A;1
RUT_189;21;rut;BA1;16;8;A;1
RUT_190;22;rut;BA1;16;8;A;1
RUT_191;20;rut;BA3;16;8;A;1
RUT_192;21;rut;BA3;16;8;A;1
RUT_193;22;rut;BA1;16;8;A;1
RUT_194;22;rut;BA1;16;8;A;1
RUT_195;20;rut;BA3;16;8;A;1
RUT_196;22;rut;BA3;16;8;A;1
RUT_197;21;rut;BA3 ;16;8;A;1
RUT_198;20;rut;BA3;16;8;A;1
RUT_199;20;rut;BA1;16;8;A;1
RUT_200;22;rut;BA1;16;8;A;1
RUT_201;22;rut;BA1;16;8;A;1
RUT_202;20;rut;BA3;16;8;A;1
RUT_203;22;rut;BA1;16;8;A;1
RUT_204;20;rut;BA3;16;8;A;1
RUT_205;22;rut;BA1;16;8;A;1
RUT_206;24;rut;BA4;16;8;A;1
RUT_207;19;rut;BA1;16;8;A;1
RUB_01;20;rub;BA2;18;10;F;4
RUB_02;20;rub;BA2;18;10;F;4
RUB_03;21;rub;BA2;18;10;F;4
RUB_04;19;rub;BA2;18;10;F;4
RUB_05;24;rub;BA2;18;10;F;4
RUB_06;19;rub;BA2;18;10;F;4
RUB_07;21;rub;BA2;18;10;F;4
RUB_08;20;rub;BA2;18;10;F;4
RUB_09;22;rub;BA2;18;10;F;4
RUB_10;20;rub;BA2;18;10;F;4
RUB_11;22;rub;BA2;18;10;F;4
RUB_12;41;rub;BA2;18;10;F;4
RUB_13;21;rub;BA2;18;10;F;4
RUB_14;19;rub;BA2;18;10;F;4
RUB_15;28;rub;BA2;18;10;F;4
RUB_16;19;rub;BA2;18;10;F;4
RUB_17;22;rub;BA2;18;10;F;4
RUB_18;20;rub;BA2;18;10;F;4
RUB_19;21;rub;BA2;18;10;F;4
RUB_20;20;rub;BA2;18;10;F;4
RUB_21;18;rub;BA2;18;10;F;4
RUB_22;20;rub;BA2;18;10;F;4
RUB_23;18;rub;BA2;18;10;F;4
RUB_24;22;rub;BA2;18;10;F;4
RUB_25;21;rub;BA2;18;10;F;4
RUB_26;21;rub;BA2;18;10;F;4
RUB_27;21;rub;BA2;18;10;F;4
RUB_28;19;rub;BA2;18;10;F;4
RUB_29;20;rub;BA2;18;10;F;4
RUB_30;19;rub;BA2;18;10;F;4
RUB_31;20;rub;BA2;18;10;F;4
RUB_32;21;rub;BA2;18;10;F;4
RUB_33;19;rub;BA2;18;10;F;4
RUB_34;20;rub;BA2;18;10;F;4
RUB_35;23;rub;BA2;18;10;F;4
RUB_36;35;rub;BA2;18;10;F;4
RUB_37;25;rub;BA2;18;10;F;4
RUB_38;20;rub;BA2;18;10;F;4
RUB_39;21;rub;BA2;18;10;F;4
RUB_40;21;rub;BA2;18;10;F;4
RUB_41;20;rub;BA2;18;10;F;4
RUB_42;20;rub;BA2;18;10;F;4
RUB_43;22;rub;BA2;18;10;F;4
RUB_44;22;rub;BA2;18;10;F;4
RUB_45;20;rub;BA2;18;10;F;4
RUB_46;20;rub;BA2;18;10;F;4
RUB_47;20;rub;BA2;18;10;F;4
RUB_48;20;rub;BA2;18;10;F;4
RUB_49;21;rub;BA2;18;10;F;4
RUB_50;24;rub;BA2;18;10;F;4
RUB_51;23;rub;BA2;18;10;F;4
RUB_52;22;rub;BA2;18;10;F;4
RUB_53;21;rub;BA2;18;10;F;4
RUB_54;23;rub;BA2;18;10;F;4
RUB_55;17;rub;BA2;18;10;F;4
RUB_56;21;rub;BA2;18;10;F;4
RUB_57;21;rub;BA2;18;10;F;4
RUB_58;22;rub;BA2;18;10;F;4
RUB_59;21;rub;BA2;18;10;F;4
SA_001;19;sa;SP;19;11;G;5
SA_002;19;sa;SP;19;11;G;5
SA_003;19;sa;SP;19;11;G;5
SA_004;18;sa;SP;19;11;G;5
SA_005;20;sa;SP;19;11;G;5
SA_006;19;sa;SP;19;11;G;5
SA_007;20;sa;SP;19;11;G;5
SA_008;19;sa;SP;19;11;G;5
SA_009;20;sa;SP;19;11;G;5
SA_010;19;sa;SP;19;11;G;5
SA_011;19;sa;SP;19;11;G;5
SA_012;19;sa;SP;19;11;G;5
SA_013;20;sa;SP;19;11;G;5
SA_014;19;sa;SP;19;11;G;5
SA_015;19;sa;SP;19;11;G;5
SA_016;19;sa;SP;19;11;G;5
SA_017;19;sa;SP;19;11;G;5
SA_018;19;sa;SP;19;11;G;5
SA_019;19;sa;SP;19;11;G;5
SA_020;19;sa;SP;19;11;G;5
SA_021;19;sa;SP;19;11;G;5
SA_022;19;sa;SP;19;11;G;5
SA_023;19;sa;SP;19;11;G;5
SA_024;19;sa;SP;19;11;G;5
SA_025;19;sa;SP;19;11;G;5
SA_026;19;sa;SP;19;11;G;5
SA_027;19;sa;SP;19;11;G;5
SA_028;19;sa;SP;19;11;G;5
SA_029;19;sa;SP;19;11;G;5
SA_030;19;sa;SP;19;11;G;5
SA_031;;sa;SP;19;11;G;5
SA_032;18;sa;BA1;19;11;G;5
SA_033;19;sa;SP;19;11;G;5
SA_034;;sa;SP;19;11;G;5
SA_035;19;sa;SP;19;11;G;5
SA_036;18;sa;SP;19;11;G;5
SA_037;18;sa;SP;19;11;G;5
SA_038;19;sa;SP;19;11;G;5
SA_039;19;sa;SP;19;11;G;5
SA_040;19;sa;SP;19;11;G;5
SA_041;19;sa;SP;19;11;G;5
SA_042;18;sa;SP;19;11;G;5
SA_043;18;sa;SP;19;11;G;5
SA_044;19;sa;SP;19;11;G;5
SA_045;19;sa;SP;19;11;G;5
SA_046;19;sa;SP;19;11;G;5
SA_047;20;sa;SP;19;11;G;5
SA_048;19;sa;SP;19;11;G;5
SA_049;19;sa;SP;19;11;G;5
SA_050;19;sa;SP;19;11;G;5
SA_051;20;sa;SP;19;11;G;5
SA_052;;sa;SP;19;11;G;5
SA_053;22;sa;SP;19;11;G;5
SA_054;18;sa;SP;19;11;G;5
SA_055;18;sa;SP;19;11;G;5
SA_056;18;sa;SP;19;11;G;5
SA_057;21;sa;SP;19;11;G;5
SA_058;18;sa;SP;19;11;G;5
SA_059;20;sa;SP;19;11;G;5
SA_060;22;sa;SP;19;11;G;5
SA_061;21;sa;SP;19;11;G;5
SA_062;19;sa;SP;19;11;G;5
SA_063;20;sa;SP;19;11;G;5
SA_064;19;sa;SP;19;11;G;5
SA_065;18;sa;SP;19;11;G;5
SA_066;19;sa;SP;19;11;G;5
SA_067;18;sa;SP;19;11;G;5
SA_068;19;sa;SP;19;11;G;5
SA_069;19;sa;SP;19;11;G;5
SA_070;;sa;SP;19;11;G;5
SA_071;18;sa;SP;19;11;G;5
SA_072;26;sa;SP;19;11;G;5
SA_073;19;sa;SP;19;11;G;5
SA_074;22;sa;SP;19;11;G;5
SA_075;19;sa;SP;19;11;G;5
SA_076;24;sa;SP;19;11;G;5
SA_077;;sa;SP;19;11;G;5
SA_078;19;sa;SP;19;11;G;5
SA_079;19;sa;SP;19;11;G;5
SA_080;19;sa;SP;19;11;G;5
SA_081;18;sa;SP;19;11;G;5
SA_082;19;sa;SP;19;11;G;5
SA_083;20;sa;SP;19;11;G;5
SA_084;20;sa;SP;19;11;G;5
SA_085;19;sa;SP;19;11;G;5
SA_086;21;sa;SP;19;11;G;5
SA_087;20;sa;SP;19;11;G;5
SA_088;20;sa;SP;19;11;G;5
SA_089;20;sa;SP;19;11;G;5
SA_090;20;sa;SP;19;11;G;5
SA_091;20;sa;SP;19;11;G;5
SA_092;20;sa;SP;19;11;G;5
SA_093;19;sa;SP;19;11;G;5
SA_094;18;sa;SP;19;11;G;5
SA_095;19;sa;SP;19;11;G;5
SA_096;18;sa;SP;19;11;G;5
SA_097;19;sa;SP;19;11;G;5
SA_098;18;sa;SP;19;11;G;5
SA_099;19;sa;SP;19;11;G;5
SA_100;18;sa;SP;19;11;G;5
SA_101;19;sa;SP;19;11;G;5
SA_102;22;sa;SP;19;11;G;5
SA_103;19;sa;SP;19;11;G;5
SA_104;20;sa;SP;19;11;G;5
SA_105;19;sa;BA1;19;11;G;5
SA_106;;sa;SP;19;11;G;5
SA_107;21;sa;SP;19;11;G;5
SA_108;19;sa;SP;19;11;G;5
SA_109;21;sa;SP;19;11;G;5
SA_110;19;sa;SP;19;11;G;5
SA_111;19;sa;SP;19;11;G;5
SA_112;18;sa;SP;19;11;G;5
SA_113;19;sa;SP;19;11;G;5
SA_114;20;sa;SP;19;11;G;5
SA_115;21;sa;SP;19;11;G;5
SA_116;18;sa;SP;19;11;G;5
SA_117;;sa;SP;19;11;G;5
SA_118;20;sa;SP;19;11;G;5
SA_119;20;sa;SP;19;11;G;5
SA_120;18;sa;SP;19;11;G;5
SA_121;18;sa;SP;19;11;G;5
SA_122;19;sa;SP;19;11;G;5
SA_123;19;sa;SP;19;11;G;5
SA_124;18;sa;SP;19;11;G;5
SA_125;19;sa;SP;19;11;G;5
SA_126;19;sa;SP;19;11;G;5
SA_127;19;sa;SP;19;11;G;5
SA_128;19;sa;SP;19;11;G;5
SA_129;19;sa;SP;19;11;G;5
SA_130;19;sa;SP;19;11;G;5
SA_131;19;sa;SP;19;11;G;5
SA_132;19;sa;SP;19;11;G;5
SA_133;19;sa;SP;19;11;G;5
SA_134;19;sa;SP;19;11;G;5
SA_135;18;sa;SP;19;11;G;5
SA_136;18;sa;SP;19;11;G;5
SA_137;19;sa;SP;19;11;G;5
SA_138;19;sa;SP;19;11;G;5
SA_139;18;sa;SP;19;11;G;5
SA_140;19;sa;SP;19;11;G;5
SA_141;19;sa;SP;19;11;G;5
SA_142;19;sa;SP;19;11;G;5
SA_143;19;sa;SP;19;11;G;5
SA_144;19;sa;SP;19;11;G;5
SA_145;19;sa;SP;19;11;G;5
SA_146;22;sa;SP;19;11;G;5
SA_147;19;sa;SP;19;11;G;5
SA_148;19;sa;SP;19;11;G;5
SA_149;;sa;SP;19;11;G;5
SA_150;18;sa;SP;19;11;G;5
SA_151;20;sa;SP;19;11;G;5
SA_152;19;sa;SP;19;11;G;5
SA_153;20;sa;SP;19;11;G;5
SA_154;19;sa;SP;19;11;G;5
SA_155;19;sa;SP;19;11;G;5
SA_156;19;sa;SP;19;11;G;5
SA_157;19;sa;SP;19;11;G;5
SA_158;19;sa;SP;19;11;G;5
SA_159;19;sa;SP;19;11;G;5
SA_160;19;sa;SP;19;11;G;5
SA_161;19;sa;SP;19;11;G;5
SA_162;18;sa;SP;19;11;G;5
SA_163;19;sa;SP;19;11;G;5
SA_164;19;sa;SP;19;11;G;5
SA_165;19;sa;SP;19;11;G;5
SA_166;19;sa;SP;19;11;G;5
SA_167;19;sa;SP;19;11;G;5
SA_168;21;sa;SP;19;11;G;5
SA_169;20;sa;SP;19;11;G;5
SA_170;19;sa;SP;19;11;G;5
SA_171;19;sa;SP;19;11;G;5
SA_172;19;sa;SP;19;11;G;5
SA_173;19;sa;SP;19;11;G;5
SA_174;23;sa;SP;19;11;G;5
SA_175;19;sa;SP;19;11;G;5
SA_176;20;sa;SP;19;11;G;5
SA_177;19;sa;SP;19;11;G;5
SA_178;18;sa;SP;19;11;G;5
SA_179;19;sa;SP;19;11;G;5
SA_180;19;sa;SP;19;11;G;5
SA_181;20;sa;SP;19;11;G;5
SA_182;23;sa;SP;19;11;G;5
SA_183;19;sa;SP;19;11;G;5
SA_184;20;sa;SP;19;11;G;5
SA_185;20;sa;SP;19;11;G;5
SA_186;19;sa;SP;19;11;G;5
SA_187;20;sa;SP;19;11;G;5
SA_188;21;sa;SP;19;11;G;5
SA_189;19;sa;SP;19;11;G;5
SA_190;19;sa;SP;19;11;G;5
SA_191;19;sa;SP;19;11;G;5
SA_192;19;sa;SP;19;11;G;5
SA_193;19;sa;SP;19;11;G;5
SA_194;19;sa;SP;19;11;G;5
SA_195;19;sa;SP;19;11;G;5
SA_196;19;sa;SP;19;11;G;5
SA_197;19;sa;SP;19;11;G;5
SA_198;18;sa;SP;19;11;G;5
SA_199;19;sa;SP;19;11;G;5
SA_200;19;sa;SP;19;11;G;5
SA_201;20;sa;SP;19;11;G;5
SA_202;19;sa;SP;19;11;G;5
SA_203;20;sa;SP;19;11;G;5
SA_204;19;sa;SP;19;11;G;5
SA_205;18;sa;SP;19;11;G;5
SA_206;18;sa;SP;19;11;G;5
SA_207;19;sa;SP;19;11;G;5
SA_208;19;sa;SP;19;11;G;5
SA_209;20;sa;SP;19;11;G;5
SA_210;20;sa;SP;19;11;G;5
SA_211;;sa;SP;19;11;G;5
SA_212;18;sa;SP;19;11;G;5
SA_213;18;sa;SP;19;11;G;5
SA_214;19;sa;SP;19;11;G;5
SA_215;20;sa;SP;19;11;G;5
SA_216;19;sa;NI;19;11;G;5
SA_217;18;sa;SP;19;11;G;5
SA_218;19;sa;SP;19;11;G;5
SA_219;19;sa;SP;19;11;G;5
SA_220;19;sa;SP;19;11;G;5
SA_221;19;sa;SP;19;11;G;5
SA_222;19;sa;SP;19;11;G;5
SA_223;18;sa;SP;19;11;G;5
SA_224;19;sa;SP;19;11;G;5
SA_225;19;sa;SP;19;11;G;5
SA_226;19;sa;SP;19;11;G;5
SA_227;19;sa;SP;19;11;G;5
SA_228;19;sa;SP;19;11;G;5
SA_229;19;sa;SP;19;11;G;5
SA_230;19;sa;SP;19;11;G;5
SA_231;19;sa;SP;19;11;G;5
SA_232;19;sa;SP;19;11;G;5
SA_233;19;sa;SP;19;11;G;5
SA_234;19;sa;SP;19;11;G;5
SA_235;19;sa;SP;19;11;G;5
SA_236;19;sa;SP;19;11;G;5
SA_237;21;sa;SP;19;11;G;5
SA_238;;sa;SP;19;11;G;5
SA_239;19;sa;SP;19;11;G;5
SA_240;19;sa;SP;19;11;G;5
SA_241;18;sa;SP;19;11;G;5
SA_242;19;sa;SP;19;11;G;5
SA_243;20;sa;SP;19;11;G;5
SA_244;18;sa;SP;19;11;G;5
SA_245;20;sa;SP;19;11;G;5
SA_246;19;sa;SP;19;11;G;5
SA_247;25;sa;SP;19;11;G;5
SA_248;19;sa;SP;19;11;G;5
SA_249;18;sa;SP;19;11;G;5
SA_250;19;sa;SP;19;11;G;5
SA_251;19;sa;SP;19;11;G;5
SA_252;19;sa;SP;19;11;G;5
SA_253;19;sa;SP;19;11;G;5
SA_254;19;sa;SP;19;11;G;5
SA_255;20;sa;SP;19;11;G;5
SA_256;19;sa;SP;19;11;G;5
SA_257;48;sa;BA1;19;11;G;5
SA_258;19;sa;SP;19;11;G;5
SA_259;20;sa;SP;19;11;G;5
SA_260;19;sa;SP;19;11;G;5
SA_261;19;sa;BA1;19;11;G;5
SA_262;19;sa;SP;19;11;G;5
SA_263;22;sa;SP;19;11;G;5
SA_264;19;sa;SP;19;11;G;5
SA_265;;sa;SP;19;11;G;5
SA_266;18;sa;SP;19;11;G;5
SA_267;20;sa;SP;19;11;G;5
SA_268;18;sa;SP;19;11;G;5
SA_269;24;sa;SP;19;11;G;5
SA_270;19;sa;SP;19;11;G;5
SA_271;25;sa;SP;19;11;G;5
SA_272;22;sa;SP;19;11;G;5
SA_273;18;sa;SP;19;11;G;5
SA_274;19;sa;SP;19;11;G;5
SA_275;18;sa;SP;19;11;G;5
SA_276;19;sa;SP;19;11;G;5
SA_277;19;sa;SP;19;11;G;5
SA_278;20;sa;SP;19;11;G;5
SA_279;19;sa;SP;19;11;G;5
SA_280;18;sa;SP;19;11;G;5
SA_281;20;sa;SP;19;11;G;5
SA_282;19;sa;SP;19;11;G;5
SA_283;19;sa;SP;19;11;G;5
SA_284;19;sa;SP;19;11;G;5
SA_285;22;sa;SP;19;11;G;5
SA_286;19;sa;SP;19;11;G;5
SA_287;19;sa;SP;19;11;G;5
SA_288;18;sa;SP;19;11;G;5
SA_289;19;sa;SP;19;11;G;5
SA_290;19;sa;SP;19;11;G;5
SA_291;19;sa;SP;19;11;G;5
Uma_01;21;uma;BA3;17;9;A;5
Uma_02;30;uma;BA3;17;9;A;5
Uma_03;21;uma;BA3;17;9;A;5
Uma_04;20;uma;BA3;17;9;A;5
Uma_05;29;uma;BA3;17;9;A;5
Uma_06;24;uma;BA6;17;9;A;5
Uma_07;20;uma;BA3;17;9;A;5
Uma_08;20;uma;BA3;17;9;A;5
Uma_09;20;uma;BA2;17;9;A;5
Uma_10;21;uma;BA3;17;9;A;5
USA_01;23;usa;SP;22;999;NI;999
USA_02;18;usa;SP;22;999;NI;999
USA_03;19;usa;SP;22;999;NI;999
USA_04;31;usa;SP;22;999;NI;999
USA_05;17;usa;SP;22;999;NI;999
USA_06;17;usa;SP;22;999;NI;999
USA_07;19;usa;SP;22;999;NI;999
USA_08;20;usa;SP;22;999;NI;999
USA_09;19;usa;SP;22;999;NI;999
USA_10;16;usa;SP;22;999;NI;999
USA_11;18;usa;SP;22;999;NI;999
USA_12;29;usa;SP;22;999;NI;999
USA_13;21;usa;SP;22;999;NI;999
USA_14;18;usa;SP;22;999;NI;999
USA_15;18;usa;SP;22;999;NI;999
USA_16;18;usa;SP;22;999;NI;999
USA_17;18;usa;SP;22;999;NI;999
USA_18;27;usa;SP;22;999;NI;999
USA_19;22;usa;SP;22;999;NI;999
BRA_01;19;bra;SP;21;13;H;6
BRA_02;18;bra;SP;21;13;H;6
BRA_03;23;bra;SP;21;13;H;6
BRA_04;20;bra;SP;21;13;H;6
BRA_05;17;bra;SP;21;13;H;6
BRA_06;18;bra;SP;21;13;H;6
BRA_07;18;bra;SP;21;13;H;6
BRA_08;19;bra;SP;21;13;H;6
BRA_09;27;bra;SP;21;13;H;6
BRA_10;17;bra;SP;21;13;H;6
BRA_11;18;bra;SP;21;13;H;6
BRA_12;17;bra;SP;21;13;H;6
BRA_13;20;bra;SP;21;13;H;6
BRA_14;22;bra;SP;21;13;H;6
BRA_15;18;bra;SP;21;13;H;6
BRA_16;17;bra;SP;21;13;H;6
BRA_17;23;bra;SP;21;13;H;6
BRA_18;18;bra;SP;21;13;H;6
BRA_19;19;bra;SP;21;13;H;6
BRA_20;19;bra;SP;21;13;H;6
BRA_21;19;bra;SP;21;13;H;6
BRA_22;18;bra;SP;21;13;H;6
BRA_23;19;bra;SP;21;13;H;6
BRA_24;28;bra;SP;21;13;H;6
BRA_25;18;bra;SP;21;13;H;6
BRA_26;19;bra;SP;21;13;H;6
BRA_27;17;bra;SP;21;13;H;6
BRA_28;17;bra;SP;21;13;H;6
BRA_29;19;bra;SP;21;13;H;6
BRA_30;20;bra;SP;21;13;H;6
BRA_31;18;bra;SP;21;13;H;6
BRA_32;18;bra;SP;21;13;H;6
BRA_33;19;bra;SP;21;13;H;6
BRA_34;22;bra;SP;21;13;H;6
BRA_35;18;bra;SP;21;13;H;6
BRA_36;19;bra;SP;21;13;H;6
BRA_37;19;bra;SP;21;13;H;6
BRA_38;20;bra;SP;21;13;H;6
BRA_39;18;bra;SP;21;13;H;6
BRA_40;18;bra;SP;21;13;H;6
BRA_41;19;bra;SP;21;13;H;6
BRA_42;19;bra;SP;21;13;H;6
BRA_43;18;bra;SP;21;13;H;6
BRA_44;19;bra;SP;21;13;H;6
BRA_45;20;bra;SP;21;13;H;6
BRA_46;38;bra;SP;21;13;H;6
BRA_47;21;bra;SP;21;13;H;6
BRA_48;18;bra;SP;21;13;H;6
BRA_49;18;bra;SP;21;13;H;6
BRA_50;20;bra;SP;21;13;H;6
BRA_51;18;bra;SP;21;13;H;6
BRA_52;20;bra;SP;21;13;H;6
BRA_53;18;bra;SP;21;13;H;6
BRA_54;19;bra;SP;21;13;H;6
BRA_55;19;bra;SP;21;13;H;6
BRA_56;18;bra;SP;21;13;H;6
BRA_57;20;bra;SP;21;13;H;6
BRA_58;21;bra;SP;21;13;H;6
BRA_59;22;bra;SP;21;13;H;6
BRA_60;28;bra;SP;21;13;H;6
BRA_61;;bra;SP;21;13;H;6
BRA_62;18;bra;SP;21;13;H;6
BRA_63;19;bra;SP;21;13;H;6
BRA_64;18;bra;SP;21;13;H;6
BRA_65;19;bra;SP;21;13;H;6
BRA_66;19;bra;SP;21;13;H;6
BRA_67;17;bra;SP;21;13;H;6
BRA_68;20;bra;SP;21;13;H;6
BRA_69;19;bra;SP;21;13;H;6
BRA_70;18;bra;SP;21;13;H;6
BRA_71;19;bra;SP;21;13;H;6
BRA_72;19;bra;SP;21;13;H;6
BRA_73;18;bra;SP;21;13;H;6
BRA_74;29;bra;SP;21;13;H;6
BRA_75;19;bra;SP;21;13;H;6
BRA_76;21;bra;SP;21;13;H;6
BRA_77;17;bra;SP;21;13;H;6
BRA_78;20;bra;SP;21;13;H;6
BRA_79;18;bra;SP;21;13;H;6
BRA_80;20;bra;SP;21;13;H;6
BRA_81;19;bra;SP;21;13;H;6
BRA_82;28;bra;SP;21;13;H;6
BRA_83;20;bra;SP;21;13;H;6
BRA_84;17;bra;SP;21;13;H;6
SAB_1;22;sab;BA1;20;12;G;5
SAB_2;23;sab;BA1;20;12;G;5
SAB_3;21;sab;BA1;20;12;G;5
SAB_4;25;sab;BA1;20;12;G;5
SAB_5;21;sab;BA1;20;12;G;5
SAB_6;23;sab;BA1;20;12;G;5
SAB_7;21;sab;BA1;20;12;G;5
SAB_8;23;sab;BA1;20;12;G;5
SAB_9;22;sab;BA1;20;12;G;5
SAB_10;20;sab;BA1;20;12;G;5
SAB_11;30;sab;BA1;20;12;G;5
SAB_12;21;sab;BA1;20;12;G;5
SAB_13;24;sab;BA1;20;12;G;5
SAB_14;20;sab;BA1;20;12;G;5
SAB_15;19;sab;BA1;20;12;G;5
SAB_16;19;sab;BA1;20;12;G;5
SAB_17;18;sab;BA1;20;12;G;5
SAB_18;19;sab;BA1;20;12;G;5
SAB_19;19;sab;BA1;20;12;G;5
SAB_20;23;sab;BA1;20;12;G;5
SAB_21;21;sab;BA1;20;12;G;5
SAB_22;20;sab;BA1;20;12;G;5
SAB_23;;sab;BA1;20;12;G;5
SAB_24;26;sab;BA1;20;12;G;5
SAB_25;25;sab;BA1;20;12;G;5
SAB_26;21;sab;BA1;20;12;G;5
SAB_27;25;sab;BA1;20;12;G;5
SAB_28;21;sab;BA1;20;12;G;5
SAB_29;23;sab;BA1;20;12;G;5
SAB_30;23;sab;BA1;20;12;G;5
SAB_31;21;sab;BA1;20;12;G;5
SAB_32;22;sab;BA1;20;12;G;5
SAB_33;22;sab;BA1;20;12;G;5
SAB_34;21;sab;BA1;20;12;G;5
SAB_35;22;sab;BA1;20;12;G;5
SAB_36;25;sab;BA1;20;12;G;5
SAB_37;25;sab;BA1;20;12;G;5
SAB_38;22;sab;BA1;20;12;G;5
SAB_39;25;sab;BA1;20;12;G;5
SAB_40;21;sab;BA1;20;12;G;5
SAB_41;21;sab;BA1;20;12;G;5
SAB_42;20;sab;BA1;20;12;G;5
SAB_43;20;sab;BA1;20;12;G;5
SAB_44;21;sab;BA1;20;12;G;5
SAB_45;21;sab;BA1;20;12;G;5
SAB_46;17;sab;BA1;20;12;G;5